RequestNo,Timestamp,API,LoadingType,Method,Endpoint,StatusCode,ResponseTime(ms),ResponseSize(Bytes)
1,2026-08-28T08:12:41.639Z,REST,Eager,POST,/fetchMovies,200,213.43,8303082
2,2026-08-28T08:13:48.162Z,REST,Eager,POST,/fetchMovies,200,242.74,8303082
3,2026-08-28T08:14:41.086Z,REST,Eager,POST,/fetchMovies,200,216.20,8303082
4,2026-08-28T08:16:16.206Z,REST,Eager,POST,/fetchMovies,200,217.08,8303082
5,2026-08-28T08:17:06.229Z,REST,Eager,POST,/fetchMovies,200,222.76,8303082
6,2026-08-28T08:17:53.734Z,REST,Eager,POST,/fetchMovies,200,223.90,8303082
7,2026-08-28T08:18:42.787Z,REST,Eager,POST,/fetchMovies,200,225.50,8303082
8,2026-08-28T08:19:34.277Z,REST,Eager,POST,/fetchMovies,200,234.64,8303082
9,2026-08-28T08:20:23.302Z,REST,Eager,POST,/fetchMovies,200,223.01,8303082
10,2026-08-28T08:21:13.888Z,REST,Eager,POST,/fetchMovies,200,228.26,8303082
11,2026-08-28T08:22:00.077Z,REST,Eager,POST,/fetchMovies,200,229.77,8303082
12,2026-08-28T08:22:49.106Z,REST,Eager,POST,/fetchMovies,200,231.81,8303082
13,2026-08-28T08:23:43.715Z,REST,Eager,POST,/fetchMovies,200,215.62,8303082
14,2026-08-28T08:24:28.613Z,REST,Eager,POST,/fetchMovies,200,223.67,8303082
15,2026-08-28T08:25:23.573Z,REST,Eager,POST,/fetchMovies,200,219.38,8303082
16,2026-08-28T08:26:10.333Z,REST,Eager,POST,/fetchMovies,200,222.50,8303082
17,2026-08-28T08:26:59.311Z,REST,Eager,POST,/fetchMovies,200,222.19,8303082
18,2026-08-28T08:27:48.985Z,REST,Eager,POST,/fetchMovies,200,216.54,8303082
19,2026-08-28T08:28:40.177Z,REST,Eager,POST,/fetchMovies,200,230.25,8303082
20,2026-08-28T08:29:28.592Z,REST,Eager,POST,/fetchMovies,200,223.02,8303082
21,2026-08-28T08:30:19.220Z,REST,Eager,POST,/fetchMovies,200,231.65,8303082
22,2026-08-28T08:31:10.911Z,REST,Eager,POST,/fetchMovies,200,222.00,8303082
23,2026-08-28T08:32:46.032Z,REST,Eager,POST,/fetchMovies,200,221.55,8303082
24,2026-08-28T08:33:36.075Z,REST,Eager,POST,/fetchMovies,200,213.47,8303082
25,2026-08-28T08:34:30.202Z,REST,Eager,POST,/fetchMovies,200,232.55,8303082
26,2026-08-28T08:35:20.989Z,REST,Eager,POST,/fetchMovies,200,217.00,8303082
27,2026-08-28T08:36:08.525Z,REST,Eager,POST,/fetchMovies,200,220.38,8303082
28,2026-08-28T08:36:56.662Z,REST,Eager,POST,/fetchMovies,200,216.66,8303082
29,2026-08-28T08:37:45.568Z,REST,Eager,POST,/fetchMovies,200,232.32,8303082
30,2026-08-28T08:38:31.731Z,REST,Eager,POST,/fetchMovies,200,225.22,8303082
31,2026-08-28T08:40:03.242Z,GraphQL,Eager,POST,/graphql,200,279.79,3212340
32,2026-08-28T08:40:49.441Z,GraphQL,Eager,POST,/graphql,200,296.71,3212340
33,2026-08-28T08:41:39.213Z,GraphQL,Eager,POST,/graphql,200,282.84,3212340
34,2026-08-28T08:42:25.833Z,GraphQL,Eager,POST,/graphql,200,282.27,3212340
35,2026-08-28T08:43:12.944Z,GraphQL,Eager,POST,/graphql,200,280.89,3212340
36,2026-08-28T08:44:04.916Z,GraphQL,Eager,POST,/graphql,200,278.88,3212340
37,2026-08-28T08:44:51.917Z,GraphQL,Eager,POST,/graphql,200,285.30,3212340
38,2026-08-28T08:45:40.481Z,GraphQL,Eager,POST,/graphql,200,284.70,3212340
39,2026-08-28T08:47:15.592Z,GraphQL,Eager,POST,/graphql,200,280.08,3212340
40,2026-08-28T08:48:04.752Z,GraphQL,Eager,POST,/graphql,200,280.17,3212340
41,2026-08-28T08:48:58.065Z,GraphQL,Eager,POST,/graphql,200,292.77,3212340
42,2026-08-28T08:49:46.481Z,GraphQL,Eager,POST,/graphql,200,288.54,3212340
43,2026-08-28T08:50:37.335Z,GraphQL,Eager,POST,/graphql,200,294.00,3212340
44,2026-08-28T08:51:26.961Z,GraphQL,Eager,POST,/graphql,200,289.64,3212340
45,2026-08-28T08:52:13.736Z,GraphQL,Eager,POST,/graphql,200,286.05,3212340
46,2026-08-28T08:53:06.429Z,GraphQL,Eager,POST,/graphql,200,298.46,3212340
47,2026-08-28T08:54:18.940Z,GraphQL,Eager,POST,/graphql,200,301.07,3212340
48,2026-08-28T08:55:07.742Z,GraphQL,Eager,POST,/graphql,200,288.63,3212340
49,2026-08-28T08:56:03.099Z,GraphQL,Eager,POST,/graphql,200,305.65,3212340
50,2026-08-28T08:56:53.665Z,GraphQL,Eager,POST,/graphql,200,280.60,3212340
51,2026-08-28T08:57:44.742Z,GraphQL,Eager,POST,/graphql,200,286.58,3212340
52,2026-08-28T08:58:30.605Z,GraphQL,Eager,POST,/graphql,200,292.81,3212340
53,2026-08-28T08:59:21.387Z,GraphQL,Eager,POST,/graphql,200,284.19,3212340
54,2026-08-28T09:00:07.867Z,GraphQL,Eager,POST,/graphql,200,285.81,3212340
55,2026-08-28T09:00:52.995Z,GraphQL,Eager,POST,/graphql,200,284.78,3212340
56,2026-08-28T09:02:28.509Z,GraphQL,Eager,POST,/graphql,200,304.67,3212340
57,2026-08-28T09:03:21.150Z,GraphQL,Eager,POST,/graphql,200,281.06,3212340
58,2026-08-28T09:04:15.331Z,GraphQL,Eager,POST,/graphql,200,287.92,3212340
59,2026-08-28T09:05:06.068Z,GraphQL,Eager,POST,/graphql,200,290.67,3212340
60,2026-08-28T09:05:58.945Z,GraphQL,Eager,POST,/graphql,200,287.52,3212340
61,2026-08-28T09:15:08.374Z,REST,Lazy,POST,/fetchMovies,200,36.46,9243
62,2026-08-28T09:15:13.786Z,REST,Lazy,POST,/fetchMovies,200,45.81,9243
63,2026-08-28T09:15:19.189Z,REST,Lazy,POST,/fetchMovies,200,41.92,9243
64,2026-08-28T09:15:24.598Z,REST,Lazy,POST,/fetchMovies,200,45.80,9243
65,2026-08-28T09:15:29.999Z,REST,Lazy,POST,/fetchMovies,200,41.41,9243
66,2026-08-28T09:15:35.402Z,REST,Lazy,POST,/fetchMovies,200,42.18,9243
67,2026-08-28T09:15:40.805Z,REST,Lazy,POST,/fetchMovies,200,40.40,9243
68,2026-08-28T09:15:46.212Z,REST,Lazy,POST,/fetchMovies,200,41.44,9243
69,2026-08-28T09:15:51.620Z,REST,Lazy,POST,/fetchMovies,200,40.43,9243
70,2026-08-28T09:15:57.027Z,REST,Lazy,POST,/fetchMovies,200,39.72,9243
71,2026-08-28T09:16:02.438Z,REST,Lazy,POST,/fetchMovies,200,41.09,9243
72,2026-08-28T09:16:07.844Z,REST,Lazy,POST,/fetchMovies,200,40.18,9243
73,2026-08-28T09:16:13.358Z,REST,Lazy,POST,/fetchMovies,200,43.76,9243
74,2026-08-28T09:16:18.753Z,REST,Lazy,POST,/fetchMovies,200,41.44,9243
75,2026-08-28T09:16:24.159Z,REST,Lazy,POST,/fetchMovies,200,42.30,9243
76,2026-08-28T09:16:29.569Z,REST,Lazy,POST,/fetchMovies,200,47.48,9243
77,2026-08-28T09:16:34.974Z,REST,Lazy,POST,/fetchMovies,200,42.57,9243
78,2026-08-28T09:16:40.380Z,REST,Lazy,POST,/fetchMovies,200,44.38,9243
79,2026-08-28T09:16:45.787Z,REST,Lazy,POST,/fetchMovies,200,41.51,9243
80,2026-08-28T09:16:51.191Z,REST,Lazy,POST,/fetchMovies,200,41.23,9243
81,2026-08-28T09:16:56.599Z,REST,Lazy,POST,/fetchMovies,200,43.46,9243
82,2026-08-28T09:17:02.009Z,REST,Lazy,POST,/fetchMovies,200,43.36,9243
83,2026-08-28T09:17:07.415Z,REST,Lazy,POST,/fetchMovies,200,42.69,9243
84,2026-08-28T09:17:12.827Z,REST,Lazy,POST,/fetchMovies,200,44.10,9243
85,2026-08-28T09:17:18.228Z,REST,Lazy,POST,/fetchMovies,200,40.81,9243
86,2026-08-28T09:17:23.645Z,REST,Lazy,POST,/fetchMovies,200,45.90,9243
87,2026-08-28T09:17:29.049Z,REST,Lazy,POST,/fetchMovies,200,43.60,9243
88,2026-08-28T09:17:34.467Z,REST,Lazy,POST,/fetchMovies,200,44.28,9243
89,2026-08-28T09:17:39.864Z,REST,Lazy,POST,/fetchMovies,200,42.89,9243
90,2026-08-28T09:17:45.270Z,REST,Lazy,POST,/fetchMovies,200,40.69,9243
91,2026-08-28T09:19:16.604Z,GraphQL,Lazy,POST,/graphql,200,45.19,3995
92,2026-08-28T09:19:22.111Z,GraphQL,Lazy,POST,/graphql,200,45.96,3995
93,2026-08-28T09:19:27.519Z,GraphQL,Lazy,POST,/graphql,200,47.16,3995
94,2026-08-28T09:19:32.925Z,GraphQL,Lazy,POST,/graphql,200,43.18,3995
95,2026-08-28T09:19:38.330Z,GraphQL,Lazy,POST,/graphql,200,41.98,3995
96,2026-08-28T09:19:43.744Z,GraphQL,Lazy,POST,/graphql,200,43.43,3995
97,2026-08-28T09:19:49.156Z,GraphQL,Lazy,POST,/graphql,200,42.67,3995
98,2026-08-28T09:19:54.566Z,GraphQL,Lazy,POST,/graphql,200,45.94,3995
99,2026-08-28T09:19:59.972Z,GraphQL,Lazy,POST,/graphql,200,40.33,3995
100,2026-08-28T09:20:05.391Z,GraphQL,Lazy,POST,/graphql,200,44.46,3995
101,2026-08-28T09:20:10.797Z,GraphQL,Lazy,POST,/graphql,200,44.08,3995
102,2026-08-28T09:20:16.168Z,GraphQL,Lazy,POST,/graphql,200,32.64,3995
103,2026-08-28T09:20:21.595Z,GraphQL,Lazy,POST,/graphql,200,45.11,3995
104,2026-08-28T09:20:27.000Z,GraphQL,Lazy,POST,/graphql,200,43.94,3995
105,2026-08-28T09:20:32.410Z,GraphQL,Lazy,POST,/graphql,200,45.22,3995
106,2026-08-28T09:20:37.831Z,GraphQL,Lazy,POST,/graphql,200,43.59,3995
107,2026-08-28T09:20:43.241Z,GraphQL,Lazy,POST,/graphql,200,43.02,3995
108,2026-08-28T09:20:48.659Z,GraphQL,Lazy,POST,/graphql,200,44.08,3995
109,2026-08-28T09:20:54.075Z,GraphQL,Lazy,POST,/graphql,200,42.70,3995
110,2026-08-28T09:20:59.586Z,GraphQL,Lazy,POST,/graphql,200,41.04,3995
111,2026-08-28T09:21:04.996Z,GraphQL,Lazy,POST,/graphql,200,39.76,3995
112,2026-08-28T09:21:10.414Z,GraphQL,Lazy,POST,/graphql,200,45.05,3995
113,2026-08-28T09:21:15.824Z,GraphQL,Lazy,POST,/graphql,200,43.57,3995
114,2026-08-28T09:21:21.234Z,GraphQL,Lazy,POST,/graphql,200,41.52,3995
115,2026-08-28T09:21:26.540Z,GraphQL,Lazy,POST,/graphql,200,41.60,3995
116,2026-08-28T09:21:31.955Z,GraphQL,Lazy,POST,/graphql,200,43.26,3995
117,2026-08-28T09:21:37.364Z,GraphQL,Lazy,POST,/graphql,200,42.88,3995
118,2026-08-28T09:21:42.776Z,GraphQL,Lazy,POST,/graphql,200,42.92,3995
119,2026-08-28T09:21:48.189Z,GraphQL,Lazy,POST,/graphql,200,43.53,3995
120,2026-08-28T09:21:53.598Z,GraphQL,Lazy,POST,/graphql,200,44.23,3995
